modelo,auc,ks
Regresión logística,0.8622524161137076,0.5650602647718106
LightGBM,0.8694179938782666,0.5802158871193297
